{
    "role_grants": {
        "FIN": {
            "business": [
                {
                    "action": "*",
                    "resource": "loans"
                },
                {
                    "action": "read",
                    "resource": "foreclosure"
                },
                {
                    "action": "approved",
                    "checker": true,
                    "resource": "foreclosure"
                }
            ],
            "ops": [
                {
                    "action": "read",
                    "resource": "loans"
                },
                {
                    "action": "*",
                    "resource": "disbursement"
                },
                {
                    "action": "read",
                    "resource": "foreclosure"
                },
                {
                    "action": "write",
                    "maker": true,
                    "resource": "foreclosure"
                },
                {
                    "action": "approved",
                    "checker": true,
                    "resource": "fees"
                }
            ]
        }
    },
    "users": {
        "guison": {
            "client": "FIN",
            "roles": [
                "admin"
            ]
        },
        "layla": {
            "client": "FIN",
            "roles": [
                "ops"
            ]
        },
        "nana": {
            "client": "FIN",
            "roles": [
                "business",
                "ops"
            ]
        }
    }
}
